fold,min_support,min_confidence,class_weights,n_rules,accuracy,sensitivity,precision,f_score,auc
0,0.0001,0.1,uniform,5561,0.80051397365885,0.7338629694442624,0.7490330261194281,0.7065646633138987,0.9428491742892676
0,0.0001,0.2,uniform,5561,0.80051397365885,0.7338629694442624,0.7490330261194281,0.7065646633138987,0.9428491742892676
0,0.0001,0.3,uniform,5507,0.8265338901381304,0.7234758940092633,0.7514388673780487,0.7163583463223933,0.9402842104047832
0,0.0001,0.4,uniform,5274,0.805974943784131,0.7389574794460095,0.7147979650206668,0.6941517401953846,0.9377102332261948
0,0.0001,0.5,uniform,4852,0.7928043687761003,0.7645341566740058,0.7149287757131382,0.7068637807647249,0.9433047925304159
0,0.0001,0.6,uniform,4328,0.7471892065531641,0.7372344472620687,0.7106335102819854,0.6828827746753612,0.944569229519785
0,0.0001,0.7,uniform,3891,0.8262126566013491,0.7570346647595245,0.7166447085640465,0.7153249928138068,0.9421442456494636
0,0.0001,0.8,uniform,3485,0.7998715065852875,0.7373559969298882,0.707756707569503,0.7016437212148361,0.9400020505444076
0,0.0001,0.9,uniform,3022,0.8278188242852553,0.7049901751031041,0.7514163434342588,0.7113212617380431,0.9252991616276525
0,0.0005,0.1,uniform,2361,0.7963379376806938,0.7308995682800958,0.7459546777762803,0.7018333766881955,0.9391633367297381
0,0.0005,0.2,uniform,2361,0.7963379376806938,0.7308995682800958,0.7459546777762803,0.7018333766881955,0.9391633367297381
0,0.0005,0.3,uniform,2310,0.817860584645037,0.712641783455259,0.7445102634334204,0.7068487604717153,0.9362329490057244
0,0.0005,0.4,uniform,2136,0.7998715065852875,0.7326302615544745,0.7125865451380687,0.6880048533492735,0.9329246434986
0,0.0005,0.5,uniform,1863,0.7741728236427883,0.7554360937972873,0.7052870538688416,0.6941712636417805,0.9380472724021836
0,0.0005,0.6,uniform,1553,0.7292001284934148,0.7254098041703082,0.7046995915056264,0.6709661797096171,0.9356091290010183
0,0.0005,0.7,uniform,1330,0.8043687761002248,0.7270236452746278,0.7046510996345143,0.6899310981340229,0.9321895193297025
0,0.0005,0.8,uniform,1142,0.7825248955991005,0.7172186314390447,0.6874898296767644,0.6755715498338295,0.9300083028637071
0,0.0005,0.9,uniform,908,0.8127208480565371,0.6849283930026763,0.7432288837603583,0.6904591283159496,0.9130715794046481
0,0.001,0.1,uniform,1735,0.7783488596209445,0.7029723587153954,0.7380659356583312,0.6758231201121147,0.9374585829245674
0,0.001,0.2,uniform,1735,0.7783488596209445,0.7029723587153954,0.7380659356583312,0.6758231201121147,0.9374585829245674
0,0.001,0.3,uniform,1688,0.8001927401220688,0.6802389649679317,0.7356266393594625,0.6782923484206624,0.9342655753913229
0,0.001,0.4,uniform,1537,0.7940893029232252,0.7292348564003959,0.7088468006579232,0.6830741504263529,0.9299111231218208
0,0.001,0.5,uniform,1320,0.7642145840025699,0.7497107452042882,0.6999766475609608,0.688358095524416,0.935399600464763
0,0.001,0.6,uniform,1085,0.7150658528750402,0.714176704919904,0.6994849294383447,0.6607121504700062,0.9313680072911656
0,0.001,0.7,uniform,927,0.7828461291358818,0.7197060398504953,0.692311989699723,0.67611573763775,0.9282260529487989
0,0.001,0.8,uniform,799,0.7638933504657887,0.7086331965038164,0.6735377483912823,0.6601754239059286,0.9261703797822869
0,0.001,0.9,uniform,627,0.7995502730485062,0.6668487298164595,0.727852995500488,0.667895785184323,0.9080017740123392
0,0.005,0.1,uniform,629,0.751044008994539,0.6621948830682205,0.7123921590784515,0.6358862621651404,0.928343755753364
0,0.005,0.2,uniform,629,0.751044008994539,0.6621948830682205,0.7123921590784515,0.6358862621651404,0.928343755753364
0,0.005,0.3,uniform,597,0.768390619980726,0.632528995312537,0.7004022455083605,0.6290431219141884,0.9248198161006306
0,0.005,0.4,uniform,515,0.7157083199486026,0.6419155767779892,0.6419146944022709,0.5923740853578325,0.9180486746811964
0,0.005,0.5,uniform,410,0.67876646321876,0.6693530314813876,0.6624821645914933,0.6100495512726758,0.9193041509599849
0,0.005,0.6,uniform,318,0.6141985223257308,0.6141300010440524,0.680929444146104,0.579729423500243,0.9081988393060658
0,0.005,0.7,uniform,268,0.6929007388371345,0.6238380255401013,0.6419963346313315,0.5856183019555534,0.8985966234565017
0,0.005,0.8,uniform,234,0.6954706071313845,0.6175341180354549,0.6433451112606375,0.5890657649111354,0.8866164136347889
0,0.005,0.9,uniform,179,0.7401220687439769,0.5848658195068362,0.7246126820330433,0.5993724162406063,0.850952938160572
0,0.01,0.1,uniform,367,0.7356247992290396,0.6341976188656029,0.6992573786855751,0.6140394012369034,0.9235958615174109
0,0.01,0.2,uniform,367,0.7356247992290396,0.6341976188656029,0.6992573786855751,0.6140394012369034,0.9235958615174109
0,0.01,0.3,uniform,341,0.7552200449726951,0.6104778756711985,0.6977482353401445,0.6158509523974165,0.9191448195287892
0,0.01,0.4,uniform,288,0.6806938644394475,0.6132363933540831,0.626871654767239,0.5686074235054412,0.9091041143082278
0,0.01,0.5,uniform,226,0.6504979119820109,0.638486148436443,0.6468581561718931,0.5868116324216127,0.9084338464864126
0,0.01,0.6,uniform,167,0.6019916479280437,0.588169289435922,0.6785336102710182,0.5608187106377829,0.89065463268526
0,0.01,0.7,uniform,138,0.68133633151301,0.5820128424351367,0.6233915824677592,0.5605126172895651,0.8785185397724746
0,0.01,0.8,uniform,122,0.6916158046900096,0.5884320873771518,0.6325165777784327,0.5734769293776747,0.8635157058301745
0,0.01,0.9,uniform,89,0.7176357211692901,0.5496427913035125,0.6355118641838043,0.5514982625565679,0.7685940612579191
0,0.0001,0.1,prior,5561,0.6980404754256344,0.2886967138188564,0.5671280020941039,0.3053518228224237,0.8818648242156992
0,0.0001,0.2,prior,5561,0.6980404754256344,0.2886967138188564,0.5671280020941039,0.3053518228224237,0.8818648242156992
0,0.0001,0.3,prior,5507,0.7067137809187279,0.3032425610731151,0.677904509940664,0.324828700244024,0.8955064461031543
0,0.0001,0.4,prior,5274,0.7426919370382268,0.35363629824109893,0.6886496171652422,0.3869518113582773,0.9046945193630963
0,0.0001,0.5,prior,4852,0.7815611949887569,0.4016862833114424,0.6930900748547937,0.45374774415489993,0.9266965731137642
0,0.0001,0.6,prior,4328,0.8149694828140058,0.47430521994879754,0.8690126397846615,0.5489449867377689,0.9336723733520407
0,0.0001,0.7,prior,3891,0.8631545133311918,0.6426569805456932,0.8459308903858,0.6945654839081157,0.9393028221219306
0,0.0001,0.8,prior,3485,0.8548024413748795,0.6642135130426999,0.8177690208620454,0.7109143320259936,0.9402820845956638
0,0.0001,0.9,prior,3022,0.8467716029553486,0.6621947550225986,0.8145179656628406,0.7096883631113962,0.9309064281296439
0,0.0005,0.1,prior,2361,0.6980404754256344,0.2886967138188564,0.5671280020941039,0.3053518228224237,0.878014713281512
0,0.0005,0.2,prior,2361,0.6980404754256344,0.2886967138188564,0.5671280020941039,0.3053518228224237,0.878014713281512
0,0.0005,0.3,prior,2310,0.7067137809187279,0.3032425610731151,0.677904509940664,0.324828700244024,0.8919202960152636
0,0.0005,0.4,prior,2136,0.7275939608095086,0.32633211451005517,0.6856812544075963,0.3614015647583919,0.8985944338933185
0,0.0005,0.5,prior,1863,0.7786700931577256,0.3970230486462679,0.6924166614151122,0.4476608235179933,0.9200828695617236
0,0.0005,0.6,prior,1553,0.8127208480565371,0.46666141924023585,0.878578221905399,0.5383953992273623,0.9253088576175001
0,0.0005,0.7,prior,1330,0.8621908127208481,0.6414828021703107,0.8371470731271324,0.693465364493703,0.9314306327719339
0,0.0005,0.8,prior,1142,0.8503051718599421,0.6557572877079437,0.780769291361695,0.6879745195325686,0.9323228482640772
0,0.0005,0.9,prior,908,0.8348859620944427,0.6459852385392677,0.7927726116194049,0.6899832234122351,0.9215804515751085
0,0.001,0.1,prior,1735,0.6980404754256344,0.2886967138188564,0.5671280020941039,0.3053518228224237,0.8746023623561567
0,0.001,0.2,prior,1735,0.6980404754256344,0.2886967138188564,0.5671280020941039,0.3053518228224237,0.8746023623561567
0,0.001,0.3,prior,1688,0.7063925473819467,0.3029442317175065,0.6771184604988546,0.324284073952261,0.8886034910478059
0,0.001,0.4,prior,1537,0.7272727272727273,0.3260337851544466,0.6688502983738556,0.3608894352772265,0.896148290060115
0,0.001,0.5,prior,1320,0.7642145840025699,0.37031552362644127,0.6893247782800281,0.42359652630734423,0.9183143669813905
0,0.001,0.6,prior,1085,0.8046900096370061,0.45365994229194684,0.79027318156856,0.5220451600487097,0.9210446263672052
0,0.001,0.7,prior,927,0.8612271121105043,0.6359699248920657,0.8266351604046405,0.6847051138887241,0.9267929863404972
0,0.001,0.8,prior,799,0.8483777706392548,0.6482256993776704,0.7617212764000556,0.6749499044938314,0.9279451271829734
0,0.001,0.9,prior,627,0.8342434950208801,0.6389439154689509,0.7931267316994203,0.6832032399920204,0.9154949069637054
0,0.005,0.1,prior,629,0.6951493735946033,0.2827251719359184,0.5635082961752158,0.2957577149183363,0.8686993680497135
0,0.005,0.2,prior,629,0.6951493735946033,0.2827251719359184,0.5635082961752158,0.2957577149183363,0.8686993680497135
0,0.005,0.3,prior,597,0.7002891101831031,0.28791850307464495,0.6826223544973545,0.305028628882885,0.8850077703545569
0,0.005,0.4,prior,515,0.7205268230003212,0.3093317136555608,0.6499318851251841,0.3391786454662227,0.8900454558900632
0,0.005,0.5,prior,410,0.7500803083841953,0.3449446895059288,0.685476622454943,0.3928799818392984,0.9069985274191008
0,0.005,0.6,prior,318,0.7648570510761323,0.3733396170391181,0.7226252741059273,0.42959350633696103,0.892317915173764
0,0.005,0.7,prior,268,0.8079023450048185,0.5580247231343153,0.7361005684709978,0.601104810166905,0.8898544820023037
0,0.005,0.8,prior,234,0.7953742370703502,0.5657577651999226,0.7468405220140603,0.5999480942192623,0.884325670497805
0,0.005,0.9,prior,179,0.8014776742691937,0.5680594555262244,0.7854593425616152,0.6206142157963133,0.8601739955857792
0,0.01,0.1,prior,367,0.694828140057822,0.2824268425803098,0.5617430831906806,0.2951624456949549,0.862751411749628
0,0.01,0.2,prior,367,0.694828140057822,0.2824268425803098,0.5617430831906806,0.2951624456949549,0.862751411749628
0,0.01,0.3,prior,341,0.6993254095727593,0.2870235150078192,0.6847185370560213,0.30336486933851503,0.883291725323748
0,0.01,0.4,prior,288,0.7128172181175715,0.30292451689898797,0.6465590443262577,0.3169632115395616,0.8840529227544243
0,0.01,0.5,prior,226,0.7375522004497269,0.3363974135055773,0.6765271396602119,0.38257805907634634,0.8995616564919972
0,0.01,0.6,prior,167,0.7500803083841953,0.3544586229494404,0.8030408549438399,0.40599968195808206,0.8817122492069749
0,0.01,0.7,prior,138,0.8021201413427562,0.5325864291908572,0.7677843450213643,0.5697068979319593,0.8728241303854651
0,0.01,0.8,prior,122,0.7834885962094442,0.5353031368104535,0.7388486918750863,0.5566331589558771,0.8646122346765912
0,0.01,0.9,prior,89,0.7854159974301317,0.5362529900461268,0.7528381059515169,0.5561970846998532,0.7723772063788464
0,0.0001,0.1,inverse,5561,0.1230324445872149,0.46401462050107145,0.5538915280509592,0.31470134228326035,0.7892302940092463
0,0.0001,0.2,inverse,5561,0.1230324445872149,0.46401462050107145,0.5538915280509592,0.31470134228326035,0.7892302940092463
0,0.0001,0.3,inverse,5507,0.1509797622871828,0.5309109048851651,0.5480299246197841,0.32782801362573843,0.7933529491006421
0,0.0001,0.4,inverse,5274,0.1888853196273691,0.549095706304261,0.5443377711515762,0.3348657309932189,0.8135140697940647
0,0.0001,0.5,inverse,4852,0.20301959524574364,0.5739970499957616,0.5435699959858507,0.35644300383115185,0.8639149704672755
0,0.0001,0.6,inverse,4328,0.24831352393189848,0.60403657508175,0.5458197021449416,0.4043914108827822,0.8788647957704472
0,0.0001,0.7,inverse,3891,0.3713459685191134,0.6747595048063525,0.5678104431998148,0.48132859629110325,0.8936968469371501
0,0.0001,0.8,inverse,3485,0.42402826855123676,0.6718792872729178,0.5744723662435113,0.5079667197933295,0.9042447766524943
0,0.0001,0.9,inverse,3022,0.6742691937038227,0.6886911858151192,0.6364956579492382,0.5987881431124533,0.8974933200680979
0,0.0005,0.1,inverse,2361,0.10986186957918406,0.43711328691003937,0.550903491062981,0.28923320681750586,0.7850050108698028
0,0.0005,0.2,inverse,2361,0.10986186957918406,0.43711328691003937,0.550903491062981,0.28923320681750586,0.7850050108698028
0,0.0005,0.3,inverse,2310,0.1493735946032766,0.5244315724360051,0.5466438450924496,0.32491298832208715,0.7845007847341416
0,0.0005,0.4,inverse,2136,0.1888853196273691,0.5472388632460764,0.5437361207727125,0.33443614960217516,0.8066363693775622
0,0.0005,0.5,inverse,1863,0.20301959524574364,0.5742460284226825,0.5433194676716443,0.35537368587516643,0.8564578360984962
0,0.0005,0.6,inverse,1553,0.24702858978477352,0.5993100717451069,0.5455110478340861,0.40389136295636413,0.8678195027300115
0,0.0005,0.7,inverse,1330,0.3568904593639576,0.637281580594527,0.5536874844266815,0.4604562963897084,0.881913963432627
0,0.0005,0.8,inverse,1142,0.4201734661098619,0.6515209948434001,0.55742832152635,0.4974648453789945,0.8925778807291652
0,0.0005,0.9,inverse,908,0.673305493093479,0.6626989233421456,0.6371147543139761,0.5894013525385137,0.8873244966900873
0,0.001,0.1,inverse,1735,0.1092194025056216,0.4337561914193232,0.5494516590897858,0.28748265173267173,0.784200590248747
0,0.001,0.2,inverse,1735,0.1092194025056216,0.4337561914193232,0.5494516590897858,0.28748265173267173,0.784200590248747
0,0.001,0.3,inverse,1688,0.13748795374237072,0.50090114954347,0.5442572800132919,0.305079859158629,0.7831216979277896
0,0.001,0.4,inverse,1537,0.18920655316415033,0.5479572540506742,0.5432227618360281,0.3339788275460629,0.8031408114264504
0,0.001,0.5,inverse,1320,0.2017346610986187,0.5703557450440853,0.5376109613579254,0.3527494769375287,0.8535011071143994
0,0.001,0.6,inverse,1085,0.24895599100546098,0.595680404647486,0.5433819069373063,0.40418489346336894,0.863508471146885
0,0.001,0.7,inverse,927,0.3565692258271764,0.6352968818290665,0.5500969715634106,0.4600180329488869,0.8773332726285248
0,0.001,0.8,inverse,799,0.4172823642788307,0.6418777661009937,0.5565165939285659,0.4944053686112382,0.8864750463705994
0,0.001,0.9,inverse,627,0.6742691937038227,0.6561469514711817,0.6409402944941001,0.5882395433180195,0.8777234673504718
0,0.005,0.1,inverse,629,0.10472213299068422,0.41745138095513823,0.5448473466540167,0.27734381572155864,0.7745599626742525
0,0.005,0.2,inverse,629,0.10472213299068422,0.41745138095513823,0.5448473466540167,0.27734381572155864,0.7745599626742525
0,0.005,0.3,inverse,597,0.13074204946996468,0.4839991458594831,0.5426919543800615,0.289983388606477,0.7728038413080578
0,0.005,0.4,inverse,515,0.1696113074204947,0.505115771767014,0.5376340983713939,0.2996236622918215,0.7914848505558132
0,0.005,0.5,inverse,410,0.18438805011243173,0.5254976698473599,0.5334671777352464,0.32258682716295617,0.8372486853001744
0,0.005,0.6,inverse,318,0.2322518470928365,0.5391055117024727,0.5669648054282878,0.38302082546369526,0.8382553502825472
0,0.005,0.7,inverse,268,0.30581432701574046,0.5602918970410957,0.5158929484799466,0.40251976105419807,0.8484400918570156
0,0.005,0.8,inverse,234,0.40957275939608095,0.5677321784957513,0.5402875533260184,0.4576708451011492,0.8649811536096739
0,0.005,0.9,inverse,179,0.7089624156761966,0.5809709241057303,0.6853032867650661,0.5685081637250851,0.8264471783621871
0,0.01,0.1,inverse,367,0.10407966591712174,0.4160007841381621,0.5426981476834544,0.2746329330521097,0.7677317666584385
0,0.01,0.2,inverse,367,0.10407966591712174,0.4160007841381621,0.5426981476834544,0.2746329330521097,0.7677317666584385
0,0.01,0.3,inverse,341,0.12849341471249598,0.4746462501919323,0.5351568272236431,0.28487687019981245,0.7675420179292108
0,0.01,0.4,inverse,288,0.17025377449405718,0.5003418334887786,0.5209156776355004,0.29527034327751933,0.7871041373674875
0,0.01,0.5,inverse,226,0.184709283649213,0.515685827338473,0.5309879604658673,0.32107555637942276,0.8275126784544704
0,0.01,0.6,inverse,167,0.22454224221008673,0.5136537854285037,0.5598553448092027,0.374975975572036,0.8236189713035913
0,0.01,0.7,inverse,138,0.29649855444908446,0.5245129311765327,0.4905698378947811,0.3775822153192866,0.8320681593626744
0,0.01,0.8,inverse,122,0.4053967234179248,0.535121861716583,0.5330627156909618,0.44336457806375645,0.8474710407652462
0,0.01,0.9,inverse,89,0.7179569547060713,0.5508447143804356,0.6354683059601907,0.5512766904683271,0.7795200996982314
1,0.0001,0.1,uniform,5316,0.8046272493573264,0.7160467632318006,0.7657431012904932,0.6972355737394371,0.9526169403195994
1,0.0001,0.2,uniform,5316,0.8046272493573264,0.7160467632318006,0.7657431012904932,0.6972355737394371,0.9526169403195994
1,0.0001,0.3,uniform,5256,0.8312982005141388,0.7089431120909795,0.7637081479545529,0.712580789662598,0.9522072906741759
1,0.0001,0.4,uniform,4987,0.8332262210796915,0.7260493388770146,0.7378392971022927,0.6999808148337453,0.948697521461065
1,0.0001,0.5,uniform,4505,0.8251928020565553,0.7561967562682483,0.7485611079338703,0.7139791961809188,0.9532630814560932
1,0.0001,0.6,uniform,4009,0.7830976863753213,0.7475793557598915,0.7295158332529328,0.6925666970674684,0.9536624639681426
1,0.0001,0.7,uniform,3589,0.837082262210797,0.760832956936729,0.7289522661033571,0.7203939941532513,0.9520639951871264
1,0.0001,0.8,uniform,3067,0.8386889460154242,0.7400300796442854,0.7384133876885319,0.718434821858333,0.9470953493656141
1,0.0001,0.9,uniform,2603,0.8406169665809768,0.6964193148963754,0.8060253321221539,0.719783297135859,0.9333885522940903
1,0.0005,0.1,uniform,2273,0.7998071979434447,0.7042017823099584,0.7610243923230288,0.6898311665828492,0.9491692486663257
1,0.0005,0.2,uniform,2273,0.7998071979434447,0.7042017823099584,0.7610243923230288,0.6898311665828492,0.9491692486663257
1,0.0005,0.3,uniform,2219,0.8264781491002571,0.6977712045591611,0.7535311506769025,0.7024757494071789,0.9478476639222185
1,0.0005,0.4,uniform,2028,0.8239074550128535,0.7170079550433208,0.7291669336778248,0.6903304338519634,0.9432101653411942
1,0.0005,0.5,uniform,1730,0.8116966580976864,0.7543198462501037,0.7450714361697299,0.7090068982996587,0.9460453305140315
1,0.0005,0.6,uniform,1454,0.7683161953727506,0.732323453671043,0.7201489967544382,0.6789047528555647,0.9427516740002835
1,0.0005,0.7,uniform,1222,0.8168380462724936,0.7264798651230437,0.7085389470071752,0.6874417434201232,0.939606399591405
1,0.0005,0.8,uniform,1033,0.8248714652956298,0.7098824254674253,0.7120893615600902,0.6844963562961116,0.9362306653140451
1,0.0005,0.9,uniform,805,0.8277634961439588,0.6687761041354953,0.7921248520382064,0.6931726977857007,0.9193196189225952
1,0.001,0.1,uniform,1600,0.7872750642673522,0.6787236686324263,0.7579664940929403,0.666172237606337,0.9467668892356352
1,0.001,0.2,uniform,1600,0.7872750642673522,0.6787236686324263,0.7579664940929403,0.666172237606337,0.9467668892356352
1,0.001,0.3,uniform,1551,0.8126606683804627,0.670090184408149,0.7482747219978563,0.6780767011396718,0.9448525706073222
1,0.001,0.4,uniform,1387,0.8223007712082262,0.7096815345965997,0.7257455058458815,0.6850596630400483,0.9392034673801134
1,0.001,0.5,uniform,1162,0.804305912596401,0.7512111325975783,0.7364750995354168,0.7016911766852375,0.9414953850268486
1,0.001,0.6,uniform,939,0.7525706940874036,0.7201245743838083,0.7126473887622735,0.6657477257802105,0.9376754932865523
1,0.001,0.7,uniform,772,0.8036632390745502,0.7160108100993743,0.6968377100260166,0.6747518364200619,0.9326694885932004
1,0.001,0.8,uniform,660,0.8094473007712082,0.6992954325731017,0.6932070222936006,0.6685963568626643,0.9315410732695812
1,0.001,0.9,uniform,500,0.8184447300771208,0.6579406788650228,0.7754970447524813,0.673542727787414,0.9096845959676692
1,0.005,0.1,uniform,586,0.7705655526992288,0.6423337242324959,0.7323069351305466,0.6301115818268781,0.937779079703555
1,0.005,0.2,uniform,586,0.7705655526992288,0.6423337242324959,0.7323069351305466,0.6301115818268781,0.937779079703555
1,0.005,0.3,uniform,553,0.7917737789203085,0.6281954996287878,0.7186016115822662,0.6348589835893174,0.9354094741815264
1,0.005,0.4,uniform,465,0.781491002570694,0.6453471948681582,0.6907496779249778,0.618292894954094,0.9272244429374449
1,0.005,0.5,uniform,364,0.7300771208226221,0.6678644216538501,0.6875760621837204,0.6133309742324972,0.9261293382285509
1,0.005,0.6,uniform,282,0.6420308483290489,0.630573367478902,0.6929518538738981,0.5809087146805387,0.9143004879344163
1,0.005,0.7,uniform,230,0.711439588688946,0.6266210093599034,0.6609618243765074,0.5867646051061943,0.8963793309841603
1,0.005,0.8,uniform,198,0.7230077120822622,0.6163386079522957,0.6583665509596721,0.5903012426156612,0.8907345337618418
1,0.005,0.9,uniform,146,0.7737789203084833,0.572469489179203,0.7581277639479027,0.5954145709942524,0.8472430239609913
1,0.01,0.1,uniform,352,0.7589974293059126,0.6259877910789112,0.7181313269392279,0.6131953476771879,0.9309419032779773
1,0.01,0.2,uniform,352,0.7589974293059126,0.6259877910789112,0.7181313269392279,0.6131953476771879,0.9309419032779773
1,0.01,0.3,uniform,326,0.7789203084832905,0.6012741753875939,0.7037617854236897,0.6132433390921745,0.9280975839229784
1,0.01,0.4,uniform,272,0.7699228791773779,0.6200002154132397,0.6907459230513937,0.6047621112137898,0.9182195380038005
1,0.01,0.5,uniform,205,0.6921593830334191,0.6384568934096381,0.6633812910222122,0.5834126909268154,0.9147361207211877
1,0.01,0.6,uniform,160,0.6188946015424165,0.5967390548243474,0.6915459704762001,0.5640663391597506,0.9027991069072071
1,0.01,0.7,uniform,126,0.6860539845758354,0.5782049771966975,0.648763763218376,0.5588369830220692,0.8796864979727019
1,0.01,0.8,uniform,110,0.6989074550128535,0.5598580372133761,0.628865703584628,0.5463118951064674,0.8607153857401257
1,0.01,0.9,uniform,82,0.7432519280205655,0.5173897832149954,0.7630852498154992,0.5128406893792028,0.7557936901671156
1,0.0001,0.1,prior,5316,0.6950514138817481,0.2741940106762428,0.5614543422733078,0.29819064722806843,0.8785918715047679
1,0.0001,0.2,prior,5316,0.6950514138817481,0.2741940106762428,0.5614543422733078,0.29819064722806843,0.8785918715047679
1,0.0001,0.3,prior,5256,0.7030848329048843,0.2864088997800836,0.5500028567800914,0.3135811070057265,0.8958741118705797
1,0.0001,0.4,prior,4987,0.7281491002570694,0.32469804639842204,0.6810352905284061,0.3605419871404526,0.9023903493650247
1,0.0001,0.5,prior,4505,0.7818123393316195,0.38462310754981865,0.832796649660974,0.441831565351651,0.9271679707665256
1,0.0001,0.6,prior,4009,0.7985218508997429,0.419930963999814,0.9551083568090496,0.4890489025324236,0.9396162256655218
1,0.0001,0.7,prior,3589,0.855719794344473,0.624281677964755,0.8715338514577544,0.6855753293855051,0.9466444564626691
1,0.0001,0.8,prior,3067,0.8560411311053985,0.6539658362490635,0.8390586573233189,0.7029113825265437,0.9443920203042346
1,0.0001,0.9,prior,2603,0.8476863753213367,0.6743414771859673,0.8317557109366203,0.7242254594851366,0.9337253030346775
1,0.0005,0.1,prior,2273,0.6950514138817481,0.2741940106762428,0.5614543422733078,0.29819064722806843,0.8751858533320052
1,0.0005,0.2,prior,2273,0.6950514138817481,0.2741940106762428,0.5614543422733078,0.29819064722806843,0.8751858533320052
1,0.0005,0.3,prior,2219,0.7030848329048843,0.2864088997800836,0.5500028567800914,0.3135811070057265,0.8920900848742268
1,0.0005,0.4,prior,2028,0.7140102827763496,0.2988664335095659,0.6781109205730484,0.3340035063889967,0.897492760316666
1,0.0005,0.5,prior,1730,0.7773136246786633,0.3800305402126213,0.7497047344735113,0.4371761146805625,0.9202287741579818
1,0.0005,0.6,prior,1454,0.7898457583547558,0.4108843185211876,0.8708500796790652,0.4809486534590758,0.9293548059648985
1,0.0005,0.7,prior,1222,0.8563624678663239,0.6185967111678945,0.8609289481146989,0.6769820396365008,0.9388729847506241
1,0.0005,0.8,prior,1033,0.8508997429305912,0.6410107361106704,0.8156300701344446,0.6719783482853698,0.9369785515914005
1,0.0005,0.9,prior,805,0.8383676092544987,0.6555006684624001,0.8183894842522403,0.7036165255770803,0.9249726068345574
1,0.001,0.1,prior,1600,0.6953727506426736,0.2744923400318514,0.5620581969516947,0.29873711882231907,0.871892437816723
1,0.001,0.2,prior,1600,0.6953727506426736,0.2744923400318514,0.5620581969516947,0.29873711882231907,0.871892437816723
1,0.001,0.3,prior,1551,0.7030848329048843,0.2864088997800836,0.5500028567800914,0.3135811070057265,0.8898476298453104
1,0.001,0.4,prior,1387,0.711439588688946,0.2958292884606155,0.6767073271101482,0.32906621150729876,0.8946509983066753
1,0.001,0.5,prior,1162,0.7618894601542416,0.3515477820149314,0.7430876620510549,0.40980699020497113,0.9169272146110627
1,0.001,0.6,prior,939,0.7827763496143959,0.40011503251881486,0.8668701798616509,0.47069158454120524,0.9246854279722656
1,0.001,0.7,prior,772,0.8499357326478149,0.6098496345788157,0.8527435735306869,0.6680222828136013,0.9338991788781639
1,0.001,0.8,prior,660,0.8480077120822622,0.6355621467486504,0.7992352310256963,0.6616186464758658,0.9322984702089567
1,0.001,0.9,prior,500,0.8361182519280206,0.6512117823577761,0.8108953930603654,0.6958790125869008,0.9149914141170176
1,0.005,0.1,prior,586,0.6928020565552699,0.26980251911291353,0.5590969647822057,0.2941084718411999,0.8661447467738232
1,0.005,0.2,prior,586,0.6928020565552699,0.26980251911291353,0.5590969647822057,0.2941084718411999,0.8661447467738232
1,0.005,0.3,prior,553,0.695694087403599,0.2727220371587954,0.5435561442637178,0.2982266763164596,0.8864638902315704
1,0.005,0.4,prior,465,0.7059768637532133,0.28416695581838336,0.6749194259552416,0.31733028115798734,0.8887484754444562
1,0.005,0.5,prior,364,0.7438946015424165,0.32662248039098085,0.6989070470044687,0.3817204750772182,0.9081014939619519
1,0.005,0.6,prior,282,0.7570694087403599,0.35249088221125524,0.774442284556654,0.41772202539712877,0.9021404153750794
1,0.005,0.7,prior,230,0.8091259640102828,0.5418576487971436,0.8195360033867097,0.5955101358545649,0.8959280140133314
1,0.005,0.8,prior,198,0.8068766066838047,0.5659564910113294,0.8043352788504476,0.603650088613489,0.892366964427869
1,0.005,0.9,prior,146,0.788560411311054,0.572264366651609,0.7791315546411076,0.6113016963520328,0.852058882854733
1,0.01,0.1,prior,352,0.6876606683804627,0.26231846825923266,0.5394042312959207,0.2802378416983984,0.8608361867955087
1,0.01,0.2,prior,352,0.6876606683804627,0.26231846825923266,0.5394042312959207,0.2802378416983984,0.8608361867955087
1,0.01,0.3,prior,326,0.6924807197943444,0.26702796243876603,0.5394962044235776,0.2880589473941579,0.8842315322242056
1,0.01,0.4,prior,272,0.7024421593830334,0.27651072630803686,0.5448460587282813,0.30252476667504347,0.8813106492440319
1,0.01,0.5,prior,205,0.7326478149100257,0.3159659099327995,0.6921173487888604,0.3678754098195827,0.8963351980917673
1,0.01,0.6,prior,160,0.7365038560411311,0.32476816617005133,0.8142727535844687,0.38002415541556284,0.8918587969480049
1,0.01,0.7,prior,126,0.778598971722365,0.5014339678288097,0.8160352568024731,0.5509616654105691,0.8775134622108898
1,0.01,0.8,prior,110,0.775706940874036,0.513749020572795,0.7940003038241047,0.5449900152112361,0.8630830560854876
1,0.01,0.9,prior,82,0.7442159383033419,0.5163369668491575,0.7568955210509007,0.5108939541205154,0.7548631728337744
1,0.0001,0.1,inverse,5316,0.11182519280205655,0.4361320308300136,0.5358575676494683,0.29333830133350397,0.7770346320256472
1,0.0001,0.2,inverse,5316,0.11182519280205655,0.4361320308300136,0.5358575676494683,0.29333830133350397,0.7770346320256472
1,0.0001,0.3,inverse,5256,0.13946015424164523,0.5043163249838643,0.5593007284425238,0.31308886438345923,0.785846583158111
1,0.0001,0.4,inverse,4987,0.17223650385604114,0.5232867497393325,0.5368073500169382,0.31348130104802363,0.8041233565852337
1,0.0001,0.5,inverse,4505,0.18958868894601544,0.5529730193386716,0.5286787696000113,0.336907361926686,0.854940851948166
1,0.0001,0.6,inverse,4009,0.22332904884318766,0.5710341487161401,0.5654142029631786,0.37881984498855903,0.8752567227964387
1,0.0001,0.7,inverse,3589,0.36118251928020567,0.6518063942259403,0.5742142973670763,0.4708690296475737,0.8960476706939584
1,0.0001,0.8,inverse,3067,0.46047557840616965,0.6540533212715327,0.5961066271806292,0.5152188078919071,0.9037479634493757
1,0.0001,0.9,inverse,2603,0.7246143958868895,0.6825411305145863,0.6945844060894258,0.6253091034538744,0.8996949890754987
1,0.0005,0.1,inverse,2273,0.09800771208226221,0.4074709938153664,0.5287939850080949,0.2660691029990223,0.7726973437030088
1,0.0005,0.2,inverse,2273,0.09800771208226221,0.4074709938153664,0.5287939850080949,0.2660691029990223,0.7726973437030088
1,0.0005,0.3,inverse,2219,0.14010282776349614,0.5062325337750729,0.5589367053396741,0.3131005469568958,0.7739704411966684
1,0.0005,0.4,inverse,2028,0.17191516709511567,0.5189645603372559,0.5430958995835461,0.3118184594279103,0.7966324760772349
1,0.0005,0.5,inverse,1730,0.1879820051413882,0.5445680738548304,0.5267531409242934,0.33354937280905583,0.8464416367169388
1,0.0005,0.6,inverse,1454,0.22236503856041132,0.5603960261429703,0.5627731428720203,0.3758629752137388,0.8643154452913194
1,0.0005,0.7,inverse,1222,0.34897172236503854,0.6169794263981544,0.5621942295897232,0.4501533639383365,0.8828876930379123
1,0.0005,0.8,inverse,1033,0.461439588688946,0.6397870483738136,0.5858585309128895,0.5116269558666272,0.8877263220665648
1,0.0005,0.9,inverse,805,0.7169023136246787,0.6500183444418002,0.6915603205041121,0.6101621480889764,0.8819524415739344
1,0.001,0.1,inverse,1600,0.09768637532133675,0.4062690707384433,0.5273628246931212,0.2644557681928169,0.7694946654789121
1,0.001,0.2,inverse,1600,0.09768637532133675,0.4062690707384433,0.5273628246931212,0.2644557681928169,0.7694946654789121
1,0.001,0.3,inverse,1551,0.1282133676092545,0.4829051827341541,0.5583888380691462,0.29132668415351337,0.7708606382332354
1,0.001,0.4,inverse,1387,0.17223650385604114,0.51902833584746,0.5431704816204905,0.31150152455215063,0.7911895449924684
1,0.001,0.5,inverse,1162,0.18926735218508997,0.5487410406123836,0.527216004111221,0.3339892236089403,0.8411713755854904
1,0.001,0.6,inverse,939,0.22397172236503857,0.5599930198204814,0.5624107835675602,0.3779858000453632,0.8583819559172181
1,0.001,0.7,inverse,772,0.34704370179948585,0.613004268139637,0.5614282857001553,0.45042316880934874,0.8743884185760534
1,0.001,0.8,inverse,660,0.45212082262210795,0.6311144508770712,0.5805368862472395,0.5072274476612579,0.8819125374958756
1,0.001,0.9,inverse,500,0.7258997429305912,0.6390682155791805,0.7077345373150592,0.6122358123406557,0.8747660234004028
1,0.005,0.1,inverse,586,0.09672236503856041,0.4033188959132685,0.5243623152708616,0.26088173669285564,0.7624367392753082
1,0.005,0.2,inverse,586,0.09672236503856041,0.4033188959132685,0.5243623152708616,0.26088173669285564,0.7624367392753082
1,0.005,0.3,inverse,553,0.1237146529562982,0.4722266908126048,0.5581912827075612,0.2842902242652486,0.7677677794158058
1,0.005,0.4,inverse,465,0.15167095115681234,0.4756790211519467,0.5405379775310619,0.2724869395163709,0.7853032000250573
1,0.005,0.5,inverse,364,0.17030848329048842,0.49572371857160386,0.5258070156843564,0.3020315079128376,0.8313120476204277
1,0.005,0.6,inverse,282,0.20147814910025708,0.5133505067401289,0.5610367769447211,0.3373605180631256,0.8375051487978711
1,0.005,0.7,inverse,230,0.30719794344473006,0.5373258823710418,0.5267153699271874,0.3928818921829063,0.843741919658869
1,0.005,0.8,inverse,198,0.4222365038560411,0.5502520752168427,0.5519988036269593,0.4578365390297476,0.8584679331121856
1,0.005,0.9,inverse,146,0.743573264781491,0.5655356823404243,0.7325437463628672,0.5701220680412472,0.8204853963255461
1,0.01,0.1,inverse,352,0.09511568123393316,0.3973092805286531,0.49297266956841423,0.2560801754009535,0.7554350331674304
1,0.01,0.2,inverse,352,0.09511568123393316,0.3973092805286531,0.49297266956841423,0.2560801754009535,0.7554350331674304
1,0.01,0.3,inverse,326,0.12146529562982006,0.4583702950154195,0.5472889976127558,0.2801211238256993,0.7595466239355979
1,0.01,0.4,inverse,272,0.15359897172236503,0.47172510811987145,0.5321876158329883,0.2720672673774843,0.7764793560676819
1,0.01,0.5,inverse,205,0.17287917737789202,0.4854775517451774,0.52398055403565,0.2989923294396287,0.8200455096143465
1,0.01,0.6,inverse,160,0.18476863753213368,0.48012852094214764,0.5459991436470074,0.3138815902031231,0.8270234163433761
1,0.01,0.7,inverse,126,0.27024421593830333,0.48920383403144857,0.5051940029424782,0.3452945936370574,0.8280439110297679
1,0.01,0.8,inverse,110,0.40070694087403597,0.5029274021935071,0.5411491026233162,0.42588374720759103,0.8379420100429431
1,0.01,0.9,inverse,82,0.7432519280205655,0.5201873365388645,0.7713619631605781,0.5172541926321095,0.769407215883907
2,0.0001,0.1,uniform,5125,0.8107326478149101,0.729068383527397,0.7660778584581511,0.7034817794136752,0.9471357878566998
2,0.0001,0.2,uniform,5125,0.8107326478149101,0.729068383527397,0.7660778584581511,0.7034817794136752,0.9471357878566998
2,0.0001,0.3,uniform,5071,0.8496143958868895,0.7338758166359253,0.7580745495825294,0.7217661922594145,0.9461778399217194
2,0.0001,0.4,uniform,4806,0.8239074550128535,0.7397787010043533,0.71739686412715,0.6952523150001769,0.9414089995154804
2,0.0001,0.5,uniform,4379,0.8223007712082262,0.7619228647812972,0.728208104559372,0.711075286932746,0.9439995487935812
2,0.0001,0.6,uniform,3874,0.8351542416452442,0.7666523176961214,0.733630584983727,0.7148213281020723,0.9452754175054376
2,0.0001,0.7,uniform,3438,0.8409383033419023,0.7767143950900689,0.7283477510557492,0.7348694992567182,0.9566136903805162
2,0.0001,0.8,uniform,3022,0.8483290488431876,0.7687459954773161,0.7706043148982467,0.7548664868477499,0.955952966213493
2,0.0001,0.9,uniform,2538,0.8351542416452442,0.7256268005728845,0.7745364141060425,0.732031568202766,0.9422246659857811
2,0.0005,0.1,uniform,2296,0.8059125964010283,0.7214960034931679,0.7612521640404133,0.6980595670189066,0.9424614467368748
2,0.0005,0.2,uniform,2296,0.8059125964010283,0.7214960034931679,0.7612521640404133,0.6980595670189066,0.9424614467368748
2,0.0005,0.3,uniform,2246,0.8422236503856041,0.7263119958264281,0.7557196190537626,0.7183780000425415,0.9421370689423183
2,0.0005,0.4,uniform,2062,0.8152313624678663,0.7298260890313683,0.7109038846850737,0.6875171390410413,0.9351344131257348
2,0.0005,0.5,uniform,1771,0.8123393316195373,0.7557642836103347,0.7242415906640757,0.7044640599240766,0.9370619591117924
2,0.0005,0.6,uniform,1461,0.8267994858611826,0.7546865089112678,0.7204392152267751,0.7019109555769689,0.9344774854756885
2,0.0005,0.7,uniform,1228,0.8110539845758354,0.726141567604627,0.701992330786342,0.6877137182383484,0.9438343245521024
2,0.0005,0.8,uniform,1057,0.8280848329048843,0.7304035599675949,0.7393015991952687,0.7121981989364636,0.9441646483927877
2,0.0005,0.9,uniform,837,0.8165167095115681,0.6940626034818753,0.7598055482249777,0.7029385876190803,0.9267367412810031
2,0.001,0.1,uniform,1622,0.7898457583547558,0.6919742234990576,0.7532106793471407,0.667319611881348,0.9384304120333268
2,0.001,0.2,uniform,1622,0.7898457583547558,0.6919742234990576,0.7532106793471407,0.667319611881348,0.9384304120333268
2,0.001,0.3,uniform,1575,0.8258354755784062,0.6967114063668616,0.7476921452366089,0.6879017606191297,0.9377618164522863
2,0.001,0.4,uniform,1425,0.7965938303341902,0.7018214216621425,0.7013291845114087,0.6555019621645393,0.928756643482862
2,0.001,0.5,uniform,1206,0.7962724935732648,0.7281223441506215,0.7194052315485144,0.6756129890141012,0.9311270747559854
2,0.001,0.6,uniform,982,0.8030205655526992,0.7236289090642458,0.7119800870961492,0.6661704890427511,0.926714555087846
2,0.001,0.7,uniform,815,0.7776349614395887,0.6827045009600348,0.6746487433215449,0.6372432874661266,0.9323088969401676
2,0.001,0.8,uniform,710,0.8030205655526992,0.6911505395224034,0.7284517303355764,0.6734718342738107,0.935742229281162
2,0.001,0.9,uniform,569,0.7940231362467867,0.6567571781012473,0.7448137723667606,0.660952359571576,0.9129689866486097
2,0.005,0.1,uniform,647,0.7631748071979434,0.654349096505496,0.7346892682473066,0.6344610428017221,0.9316366857637304
2,0.005,0.2,uniform,647,0.7631748071979434,0.654349096505496,0.7346892682473066,0.6344610428017221,0.9316366857637304
2,0.005,0.3,uniform,616,0.8078406169665809,0.6620790798594727,0.7349127937510006,0.6591946878340462,0.9320482558415174
2,0.005,0.4,uniform,529,0.765745501285347,0.666465810384631,0.6715952486446518,0.6119304360170199,0.920004902351401
2,0.005,0.5,uniform,431,0.7374678663239075,0.6825701092051892,0.6764429361879829,0.6195875031870134,0.9218028394372817
2,0.005,0.6,uniform,348,0.743573264781491,0.6625797229102586,0.6856103264163353,0.6081905711404247,0.9121598626195371
2,0.005,0.7,uniform,270,0.7136889460154242,0.628119223118716,0.661039749388564,0.5916521423844243,0.9057761059797154
2,0.005,0.8,uniform,239,0.7339331619537275,0.6033585254497408,0.707915167884438,0.5871985268161857,0.889374434283736
2,0.005,0.9,uniform,186,0.7448586118251928,0.5865874038078045,0.7286700855664655,0.5847508942256602,0.8554022540924029
2,0.01,0.1,uniform,363,0.7602827763496144,0.6446145082670809,0.7323099465045784,0.628142948095485,0.9267413891599506
2,0.01,0.2,uniform,363,0.7602827763496144,0.6446145082670809,0.7323099465045784,0.628142948095485,0.9267413891599506
2,0.01,0.3,uniform,341,0.794344473007712,0.6299468848728831,0.7111327648078622,0.6283062548190368,0.9271327388381998
2,0.01,0.4,uniform,280,0.7390745501285347,0.6401773364541347,0.6415087414742169,0.5843811159902007,0.9122294797080766
2,0.01,0.5,uniform,223,0.7181876606683805,0.6605174069147492,0.6637673796358765,0.603501366873129,0.9147550117059713
2,0.01,0.6,uniform,176,0.730719794344473,0.6323101434791243,0.6685254191501531,0.588133208830343,0.90174927632902
2,0.01,0.7,uniform,132,0.7053341902313625,0.5844868525711225,0.633367828784349,0.5614999024741343,0.8855765360467993
2,0.01,0.8,uniform,112,0.7419665809768637,0.5559929649234467,0.7080913715226961,0.5459912882662108,0.8462353701107773
2,0.01,0.9,uniform,87,0.6989074550128535,0.532539465431122,0.721474831396947,0.5104507616334841,0.7540929499701714
2,0.0001,0.1,prior,5125,0.6918380462724936,0.27206541871773715,0.5739671168845155,0.28708033066529093,0.8815138577350239
2,0.0001,0.2,prior,5125,0.6918380462724936,0.27206541871773715,0.5739671168845155,0.28708033066529093,0.8815138577350239
2,0.0001,0.3,prior,5071,0.6995501285347043,0.283395283907367,0.654952800297375,0.3034005541908081,0.8942660883971087
2,0.0001,0.4,prior,4806,0.7493573264781491,0.34802097808895827,0.6886120951501606,0.3865690786012056,0.9054436491685087
2,0.0001,0.5,prior,4379,0.7843830334190232,0.39024042707750767,0.7631238270037324,0.4402664066298891,0.9220673545349188
2,0.0001,0.6,prior,3874,0.8120179948586118,0.45910277698738305,0.8977282518877677,0.5302534503062232,0.9290974276066443
2,0.0001,0.7,prior,3438,0.8570051413881749,0.6230500047494644,0.8819735987583157,0.682705217941496,0.9460379574440938
2,0.0001,0.8,prior,3022,0.8611825192802056,0.6754987335194762,0.8588573362673234,0.7247419132668513,0.9469872121479195
2,0.0001,0.9,prior,2538,0.8483290488431876,0.6766114583617294,0.8526358534968401,0.7282847115148473,0.9414653141071357
2,0.0005,0.1,prior,2296,0.6918380462724936,0.27206541871773715,0.5739671168845155,0.28708033066529093,0.8781689940044941
2,0.0005,0.2,prior,2296,0.6918380462724936,0.27206541871773715,0.5739671168845155,0.28708033066529093,0.8781689940044941
2,0.0005,0.3,prior,2246,0.699228791773779,0.28309695455175843,0.6546545929744909,0.302858792951137,0.890459861172216
2,0.0005,0.4,prior,2062,0.7323264781491002,0.3169640193151449,0.6830618820341136,0.35310339451633294,0.9003962762145815
2,0.0005,0.5,prior,1771,0.7830976863753213,0.3888616020514887,0.7414950395217587,0.4384174628523946,0.9155307097411215
2,0.0005,0.6,prior,1461,0.8071979434447301,0.4521654245424959,0.8543474563393956,0.5197050427796146,0.9217724720919616
2,0.0005,0.7,prior,1228,0.8531491002570694,0.6162432428896939,0.8295066978884054,0.6731466591997803,0.9359085368755502
2,0.0005,0.8,prior,1057,0.8467223650385605,0.6569640472712824,0.7900121235587791,0.6886962014474604,0.9399131567853853
2,0.0005,0.9,prior,837,0.833547557840617,0.6493980931153944,0.8205424143152475,0.6955251721209426,0.9310234756608318
2,0.001,0.1,prior,1622,0.6918380462724936,0.27206541871773715,0.5739671168845155,0.28708033066529093,0.8734593075499506
2,0.001,0.2,prior,1622,0.6918380462724936,0.27206541871773715,0.5739671168845155,0.28708033066529093,0.8734593075499506
2,0.001,0.3,prior,1575,0.6989074550128535,0.2823785637471607,0.6337918898758423,0.3014335467672571,0.8863137286593081
2,0.001,0.4,prior,1425,0.7310411311053985,0.3161907633416996,0.6826433851433851,0.3521120341043858,0.8958478542071322
2,0.001,0.5,prior,1206,0.7670308483290489,0.3593052003970748,0.7388227622241397,0.40835097841751744,0.9109425633660428
2,0.001,0.6,prior,982,0.7911311053984575,0.4186861060052163,0.8647366526216664,0.4854847314704211,0.912279531749156
2,0.001,0.7,prior,815,0.8361182519280206,0.5900832379919382,0.8410654260701108,0.6469970683568279,0.9226426195547046
2,0.001,0.8,prior,710,0.8325835475578406,0.6233434924887422,0.7914004926163518,0.656919062323368,0.9286900773172286
2,0.001,0.9,prior,569,0.8200514138817481,0.6132237667260872,0.8191615931570617,0.6582258140654097,0.9188184046766394
2,0.005,0.1,prior,647,0.6911953727506427,0.27089903380657304,0.5734742385194331,0.28595467496010224,0.8708803687348654
2,0.005,0.2,prior,647,0.6911953727506427,0.27089903380657304,0.5734742385194331,0.28595467496010224,0.8708803687348654
2,0.005,0.3,prior,616,0.6934447300771208,0.2734074007448223,0.6311693201376936,0.2899913567275525,0.8844553646092086
2,0.005,0.4,prior,529,0.7194730077120822,0.30089672728840433,0.6772034256482655,0.33217860352281314,0.8907043161690833
2,0.005,0.5,prior,431,0.7596401028277635,0.3498131559494087,0.6952292090264509,0.39925939865078464,0.9025702216994941
2,0.005,0.6,prior,348,0.7618894601542416,0.3786753379470984,0.7841327313059248,0.4361780450152033,0.892040251089387
2,0.005,0.7,prior,270,0.8055912596401028,0.547063584675054,0.7620123414359907,0.5897033843955806,0.8917813780469337
2,0.005,0.8,prior,239,0.8020565552699229,0.5603923170751886,0.775311361308693,0.5971573550228694,0.884244682892568
2,0.005,0.9,prior,186,0.7991645244215938,0.5707183539332128,0.8264298625711669,0.6116770712230164,0.8652219983132061
2,0.01,0.1,prior,363,0.6886246786632391,0.26670521151907534,0.5692336284617984,0.27797118254363984,0.8655675382743238
2,0.01,0.2,prior,363,0.6886246786632391,0.26670521151907534,0.5692336284617984,0.27797118254363984,0.8655675382743238
2,0.01,0.3,prior,341,0.6915167095115681,0.26939017571955265,0.567007481883169,0.28236846185979375,0.8816058195273793
2,0.01,0.4,prior,280,0.7136889460154242,0.2939516392647271,0.6380962644898607,0.3176529559083349,0.8820655467261265
2,0.01,0.5,prior,223,0.7377892030848329,0.3284207078361109,0.6850465820672644,0.37377250184796124,0.8943768652815178
2,0.01,0.6,prior,176,0.74646529562982,0.34991294951167445,0.7909886634244458,0.3980784692623971,0.879898830178856
2,0.01,0.7,prior,132,0.797879177377892,0.5274155598696788,0.9029679755039905,0.5670467248086849,0.8765510266458867
2,0.01,0.8,prior,112,0.7798843187660668,0.5190334818493729,0.883289876890222,0.5429208280339017,0.8515135831982577
2,0.01,0.9,prior,87,0.7589974293059126,0.5153571813769167,0.8417799834271702,0.5134872803561095,0.7572734312548737
2,0.0001,0.1,inverse,5125,0.11568123393316196,0.4395635361315912,0.45331137918524567,0.3057304270602394,0.775032033605981
2,0.0001,0.2,inverse,5125,0.11568123393316196,0.4395635361315912,0.45331137918524567,0.3057304270602394,0.775032033605981
2,0.0001,0.3,inverse,5071,0.1256426735218509,0.46634062296101797,0.5617543567436672,0.2988405639068338,0.798994535728794
2,0.0001,0.4,inverse,4806,0.17737789203084833,0.5212532990048914,0.5809068864947535,0.3427481023887992,0.8100404790247074
2,0.0001,0.5,inverse,4379,0.20404884318766067,0.5613018652466281,0.5552464131328214,0.358804093790554,0.8609431041667822
2,0.0001,0.6,inverse,3874,0.26317480719794345,0.6025896026327539,0.5683087646121003,0.4096475985556633,0.8810287770792693
2,0.0001,0.7,inverse,3438,0.394280205655527,0.6944724299303986,0.5800787839445227,0.5012963153140478,0.9129066722138222
2,0.0001,0.8,inverse,3022,0.4559768637532134,0.6949878286025848,0.618424478984169,0.5430359393688304,0.9227842197230571
2,0.0001,0.9,inverse,2538,0.695694087403599,0.7181380021185424,0.656641047398905,0.6199637987104158,0.9141260871115481
2,0.0005,0.1,inverse,2296,0.09961439588688946,0.4068566596747148,0.4517450376194391,0.2734977318604451,0.7706273485049806
2,0.0005,0.2,inverse,2296,0.09961439588688946,0.4068566596747148,0.4517450376194391,0.2734977318604451,0.7706273485049806
2,0.0005,0.3,inverse,2246,0.1256426735218509,0.46520247539429893,0.5647666352164775,0.2978672720830907,0.7905416361579904
2,0.0005,0.4,inverse,2062,0.17802056555269924,0.520008148613176,0.5793577746919529,0.3410743114822101,0.8042559151704547
2,0.0005,0.5,inverse,1771,0.2037275064267352,0.5592138453544078,0.553948044439378,0.35600026584324723,0.8545228483385965
2,0.0005,0.6,inverse,1461,0.25578406169665807,0.5943288743097804,0.5590471565256894,0.40080210365561264,0.872221409364274
2,0.0005,0.7,inverse,1228,0.3698586118251928,0.6444217490675124,0.5692240789192418,0.4705714550218521,0.8986958966896068
2,0.0005,0.8,inverse,1057,0.45019280205655526,0.6729684762232788,0.6141277865766853,0.5421125029473566,0.9114017065910653
2,0.0005,0.9,inverse,837,0.6754498714652957,0.6742250374342678,0.6453433342662646,0.5951262120075606,0.8976712934710772
2,0.001,0.1,inverse,1622,0.099293059125964,0.4059886041191592,0.44959980877333083,0.27108953662439683,0.7676862546424651
2,0.001,0.2,inverse,1622,0.099293059125964,0.4059886041191592,0.44959980877333083,0.27108953662439683,0.7676862546424651
2,0.001,0.3,inverse,1575,0.11278920308483291,0.4401241054883428,0.5658362322851469,0.2732344950277987,0.7885025853793868
2,0.001,0.4,inverse,1425,0.16420308483290488,0.4913378246842314,0.5787948124187454,0.3134093457315442,0.7989257204618307
2,0.001,0.5,inverse,1206,0.18926735218508997,0.5300974112108667,0.5513866914733436,0.32783227982558943,0.8485341273092544
2,0.001,0.6,inverse,982,0.2397172236503856,0.5626320295099577,0.5631057017828296,0.37236851597206805,0.8628883724427245
2,0.001,0.7,inverse,815,0.3582904884318766,0.6143900568936318,0.573253617436115,0.4465452966411676,0.887234188800315
2,0.001,0.8,inverse,710,0.4276992287917738,0.634694767550529,0.6072160829763988,0.511228403761341,0.9006551825221519
2,0.001,0.9,inverse,569,0.6642030848329049,0.6405094223676542,0.6459965196999671,0.5687110187141494,0.8793379482414344
2,0.005,0.1,inverse,647,0.09768637532133675,0.40259529603835115,0.44929640211832456,0.2667548813325148,0.7615425526611502
2,0.005,0.2,inverse,647,0.09768637532133675,0.40259529603835115,0.44929640211832456,0.2667548813325148,0.7615425526611502
2,0.005,0.3,inverse,616,0.10668380462724936,0.4236752167334197,0.556955262347762,0.2595703819652781,0.7869067549519864
2,0.005,0.4,inverse,529,0.15938303341902313,0.4808347758037194,0.5810039629156415,0.3046758585143118,0.7963930574657944
2,0.005,0.5,inverse,431,0.18059125964010284,0.5079051662479541,0.5527147305429405,0.3106896011721845,0.8432696300151552
2,0.005,0.6,inverse,348,0.2320051413881748,0.542888090433119,0.5557731391382744,0.35419640762292004,0.8476273144170428
2,0.005,0.7,inverse,270,0.3026992287917738,0.5619372131319634,0.5371860696657311,0.39871110347607125,0.8622331343664008
2,0.005,0.8,inverse,239,0.39588688946015427,0.5530122885252754,0.5730489561060951,0.45660729848765436,0.8611089903334992
2,0.005,0.9,inverse,186,0.6709511568123393,0.5837487223909343,0.6305252764708558,0.5364313277059858,0.8340886284994438
2,0.01,0.1,inverse,363,0.09640102827763496,0.3977876037306588,0.44354092655522553,0.2608170828267129,0.7513025868217317
2,0.01,0.2,inverse,363,0.09640102827763496,0.3977876037306588,0.44354092655522553,0.2608170828267129,0.7513025868217317
2,0.01,0.3,inverse,341,0.10443444730077121,0.4128717242488926,0.5469709369998546,0.25369115912046336,0.7834639618307717
2,0.01,0.4,inverse,280,0.1597043701799486,0.4744538869548238,0.5707087244507472,0.2999903076295162,0.7899118313426168
2,0.01,0.5,inverse,223,0.18123393316195371,0.49847224669643386,0.5485034484922078,0.3079659028852835,0.8326099679724813
2,0.01,0.6,inverse,176,0.22879177377892032,0.5266539751116087,0.549293017582194,0.34503577502867055,0.8292076221769733
2,0.01,0.7,inverse,132,0.28631105398457585,0.5180852292963878,0.5140901446879966,0.3688577015996136,0.838754566705065
2,0.01,0.8,inverse,112,0.4276992287917738,0.5002568115204348,0.5762755459366906,0.4432354956179355,0.8325879636522086
2,0.01,0.9,inverse,87,0.6995501285347043,0.534943311584968,0.7267827060359365,0.5110739910619406,0.7794009670938995
